Date,Time,User,Message
2024-10-31,9:54â€¯am,ğ’œğ“ƒğ’¾ğ“‡ğ“Šğ’¹ğ’¹ğ’½ğ’¶,hi
2024-11-01,3:47â€¯pm,ğ’œğ“ƒğ’¾ğ“‡ğ“Šğ’¹ğ’¹ğ’½ğ’¶,<Media omitted>
2024-11-04,10:21â€¯pm,ğ’œğ“ƒğ’¾ğ“‡ğ“Šğ’¹ğ’¹ğ’½ğ’¶,<Media omitted>
2024-11-04,10:21â€¯pm,ğ’œğ“ƒğ’¾ğ“‡ğ“Šğ’¹ğ’¹ğ’½ğ’¶,<Media omitted>
2024-11-04,10:21â€¯pm,ğ’œğ“ƒğ’¾ğ“‡ğ“Šğ’¹ğ’¹ğ’½ğ’¶,<Media omitted>
2024-11-04,10:21â€¯pm,ğ’œğ“ƒğ’¾ğ“‡ğ“Šğ’¹ğ’¹ğ’½ğ’¶,<Media omitted>
2024-11-04,10:21â€¯pm,ğ’œğ“ƒğ’¾ğ“‡ğ“Šğ’¹ğ’¹ğ’½ğ’¶,<Media omitted>
2024-11-04,10:21â€¯pm,ğ’œğ“ƒğ’¾ğ“‡ğ“Šğ’¹ğ’¹ğ’½ğ’¶,<Media omitted>
2024-11-04,10:21â€¯pm,ğ’œğ“ƒğ’¾ğ“‡ğ“Šğ’¹ğ’¹ğ’½ğ’¶,<Media omitted>
2024-11-04,10:21â€¯pm,ğ’œğ“ƒğ’¾ğ“‡ğ“Šğ’¹ğ’¹ğ’½ğ’¶,<Media omitted>
2024-11-04,10:21â€¯pm,ğ’œğ“ƒğ’¾ğ“‡ğ“Šğ’¹ğ’¹ğ’½ğ’¶,<Media omitted>
2024-11-04,10:21â€¯pm,ğ’œğ“ƒğ’¾ğ“‡ğ“Šğ’¹ğ’¹ğ’½ğ’¶,<Media omitted>
2024-11-04,10:21â€¯pm,ğ’œğ“ƒğ’¾ğ“‡ğ“Šğ’¹ğ’¹ğ’½ğ’¶,<Media omitted>
2024-11-04,10:21â€¯pm,ğ’œğ“ƒğ’¾ğ“‡ğ“Šğ’¹ğ’¹ğ’½ğ’¶,<Media omitted>
2024-11-04,10:21â€¯pm,ğ’œğ“ƒğ’¾ğ“‡ğ“Šğ’¹ğ’¹ğ’½ğ’¶,<Media omitted>
2024-11-04,10:21â€¯pm,ğ’œğ“ƒğ’¾ğ“‡ğ“Šğ’¹ğ’¹ğ’½ğ’¶,<Media omitted>
2024-11-07,7:23â€¯pm,ğ’œğ“ƒğ’¾ğ“‡ğ“Šğ’¹ğ’¹ğ’½ğ’¶,<Media omitted>
2024-11-10,10:44â€¯am,ğ’œğ“ƒğ’¾ğ“‡ğ“Šğ’¹ğ’¹ğ’½ğ’¶,<Media omitted>
2024-11-10,10:44â€¯am,ğ’œğ“ƒğ’¾ğ“‡ğ“Šğ’¹ğ’¹ğ’½ğ’¶,<Media omitted>
2024-11-10,10:52â€¯am,ğ’œğ“ƒğ’¾ğ“‡ğ“Šğ’¹ğ’¹ğ’½ğ’¶,<Media omitted>
2024-11-10,10:52â€¯am,ğ’œğ“ƒğ’¾ğ“‡ğ“Šğ’¹ğ’¹ğ’½ğ’¶,<Media omitted>
2024-11-10,10:52â€¯am,ğ’œğ“ƒğ’¾ğ“‡ğ“Šğ’¹ğ’¹ğ’½ğ’¶,<Media omitted>
2024-11-10,10:52â€¯am,ğ’œğ“ƒğ’¾ğ“‡ğ“Šğ’¹ğ’¹ğ’½ğ’¶,<Media omitted>
2024-11-10,10:52â€¯am,ğ’œğ“ƒğ’¾ğ“‡ğ“Šğ’¹ğ’¹ğ’½ğ’¶,<Media omitted>
2024-11-11,9:21â€¯am,ğ’œğ“ƒğ’¾ğ“‡ğ“Šğ’¹ğ’¹ğ’½ğ’¶,https://www.youtube.com/watch?v=R3YIlcCZWxQ&list=PLQzUXa8lZVq8Zciw0MsOdPJ1t-bpPKV6_
2024-11-12,10:25â€¯pm,ğ’œğ“ƒğ’¾ğ“‡ğ“Šğ’¹ğ’¹ğ’½ğ’¶,<Media omitted>
2024-11-16,10:08â€¯am,ğ’œğ“ƒğ’¾ğ“‡ğ“Šğ’¹ğ’¹ğ’½ğ’¶,<Media omitted>
2024-11-16,10:08â€¯am,ğ’œğ“ƒğ’¾ğ“‡ğ“Šğ’¹ğ’¹ğ’½ğ’¶,<Media omitted>
2024-11-16,10:08â€¯am,ğ’œğ“ƒğ’¾ğ“‡ğ“Šğ’¹ğ’¹ğ’½ğ’¶,<Media omitted>
2024-11-16,10:08â€¯am,ğ’œğ“ƒğ’¾ğ“‡ğ“Šğ’¹ğ’¹ğ’½ğ’¶,<Media omitted>
2024-11-16,10:08â€¯am,ğ’œğ“ƒğ’¾ğ“‡ğ“Šğ’¹ğ’¹ğ’½ğ’¶,<Media omitted>
2024-11-16,10:08â€¯am,ğ’œğ“ƒğ’¾ğ“‡ğ“Šğ’¹ğ’¹ğ’½ğ’¶,<Media omitted>
2024-11-16,10:08â€¯am,ğ’œğ“ƒğ’¾ğ“‡ğ“Šğ’¹ğ’¹ğ’½ğ’¶,<Media omitted>
2024-11-16,10:08â€¯am,ğ’œğ“ƒğ’¾ğ“‡ğ“Šğ’¹ğ’¹ğ’½ğ’¶,<Media omitted>
2024-11-16,10:08â€¯am,ğ’œğ“ƒğ’¾ğ“‡ğ“Šğ’¹ğ’¹ğ’½ğ’¶,<Media omitted>
2024-11-16,10:08â€¯am,ğ’œğ“ƒğ’¾ğ“‡ğ“Šğ’¹ğ’¹ğ’½ğ’¶,<Media omitted>
2024-11-16,10:08â€¯am,ğ’œğ“ƒğ’¾ğ“‡ğ“Šğ’¹ğ’¹ğ’½ğ’¶,<Media omitted>
2024-11-16,10:08â€¯am,ğ’œğ“ƒğ’¾ğ“‡ğ“Šğ’¹ğ’¹ğ’½ğ’¶,<Media omitted>
2024-11-16,10:08â€¯am,ğ’œğ“ƒğ’¾ğ“‡ğ“Šğ’¹ğ’¹ğ’½ğ’¶,<Media omitted>
2024-11-16,10:08â€¯am,ğ’œğ“ƒğ’¾ğ“‡ğ“Šğ’¹ğ’¹ğ’½ğ’¶,<Media omitted>
2024-11-16,10:08â€¯am,ğ’œğ“ƒğ’¾ğ“‡ğ“Šğ’¹ğ’¹ğ’½ğ’¶,<Media omitted>
2024-11-16,10:08â€¯am,ğ’œğ“ƒğ’¾ğ“‡ğ“Šğ’¹ğ’¹ğ’½ğ’¶,<Media omitted>
2024-11-16,10:08â€¯am,ğ’œğ“ƒğ’¾ğ“‡ğ“Šğ’¹ğ’¹ğ’½ğ’¶,<Media omitted>
2024-11-16,10:08â€¯am,ğ’œğ“ƒğ’¾ğ“‡ğ“Šğ’¹ğ’¹ğ’½ğ’¶,<Media omitted>
2024-11-16,10:08â€¯am,ğ’œğ“ƒğ’¾ğ“‡ğ“Šğ’¹ğ’¹ğ’½ğ’¶,<Media omitted>
2024-11-16,10:08â€¯am,ğ’œğ“ƒğ’¾ğ“‡ğ“Šğ’¹ğ’¹ğ’½ğ’¶,<Media omitted>
2024-11-16,10:08â€¯am,ğ’œğ“ƒğ’¾ğ“‡ğ“Šğ’¹ğ’¹ğ’½ğ’¶,<Media omitted>
2024-11-16,10:08â€¯am,ğ’œğ“ƒğ’¾ğ“‡ğ“Šğ’¹ğ’¹ğ’½ğ’¶,<Media omitted>
2024-11-16,10:08â€¯am,ğ’œğ“ƒğ’¾ğ“‡ğ“Šğ’¹ğ’¹ğ’½ğ’¶,<Media omitted>
2024-11-16,10:08â€¯am,ğ’œğ“ƒğ’¾ğ“‡ğ“Šğ’¹ğ’¹ğ’½ğ’¶,<Media omitted>
2024-11-16,10:08â€¯am,ğ’œğ“ƒğ’¾ğ“‡ğ“Šğ’¹ğ’¹ğ’½ğ’¶,<Media omitted>
2024-11-19,7:15â€¯am,ğ’œğ“ƒğ’¾ğ“‡ğ“Šğ’¹ğ’¹ğ’½ğ’¶,<Media omitted>
2024-11-21,12:57â€¯pm,ğ’œğ“ƒğ’¾ğ“‡ğ“Šğ’¹ğ’¹ğ’½ğ’¶,https://open.spotify.com/playlist/0u0H2XZRPwkJJ0tb0kOKmo?si=TtlU0XObSTyd1wHJf1tjJA
2024-11-22,10:30â€¯am,ğ’œğ“ƒğ’¾ğ“‡ğ“Šğ’¹ğ’¹ğ’½ğ’¶,
2024-11-22,10:30â€¯am,ğ’œğ“ƒğ’¾ğ“‡ğ“Šğ’¹ğ’¹ğ’½ğ’¶,<Media omitted>
2024-11-22,10:31â€¯am,ğ’œğ“ƒğ’¾ğ“‡ğ“Šğ’¹ğ’¹ğ’½ğ’¶,<Media omitted>
2024-11-26,7:11â€¯pm,ğ’œğ“ƒğ’¾ğ“‡ğ“Šğ’¹ğ’¹ğ’½ğ’¶,<Media omitted>
2024-11-26,7:14â€¯pm,ğ’œğ“ƒğ’¾ğ“‡ğ“Šğ’¹ğ’¹ğ’½ğ’¶,<Media omitted>
2024-11-26,7:16â€¯pm,ğ’œğ“ƒğ’¾ğ“‡ğ“Šğ’¹ğ’¹ğ’½ğ’¶,<Media omitted>
2024-11-27,12:20â€¯am,ğ’œğ“ƒğ’¾ğ“‡ğ“Šğ’¹ğ’¹ğ’½ğ’¶,
2024-11-27,12:20â€¯am,ğ’œğ“ƒğ’¾ğ“‡ğ“Šğ’¹ğ’¹ğ’½ğ’¶,<Media omitted>
2024-11-27,12:20â€¯am,ğ’œğ“ƒğ’¾ğ“‡ğ“Šğ’¹ğ’¹ğ’½ğ’¶,<Media omitted>
2024-11-27,12:20â€¯am,ğ’œğ“ƒğ’¾ğ“‡ğ“Šğ’¹ğ’¹ğ’½ğ’¶,<Media omitted>
2024-11-27,12:20â€¯am,ğ’œğ“ƒğ’¾ğ“‡ğ“Šğ’¹ğ’¹ğ’½ğ’¶,<Media omitted>
2024-11-27,12:20â€¯am,ğ’œğ“ƒğ’¾ğ“‡ğ“Šğ’¹ğ’¹ğ’½ğ’¶,<Media omitted>
2024-11-27,1:12â€¯am,ğ’œğ“ƒğ’¾ğ“‡ğ“Šğ’¹ğ’¹ğ’½ğ’¶,<Media omitted>
2024-11-27,1:14â€¯am,ğ’œğ“ƒğ’¾ğ“‡ğ“Šğ’¹ğ’¹ğ’½ğ’¶,<Media omitted>
2024-11-28,1:38â€¯am,ğ’œğ“ƒğ’¾ğ“‡ğ“Šğ’¹ğ’¹ğ’½ğ’¶,<Media omitted>
2024-11-28,11:52â€¯pm,ğ’œğ“ƒğ’¾ğ“‡ğ“Šğ’¹ğ’¹ğ’½ğ’¶,<Media omitted>
2024-12-01,7:29â€¯pm,ğ’œğ“ƒğ’¾ğ“‡ğ“Šğ’¹ğ’¹ğ’½ğ’¶,https://youtube.com/playlist?list=PLfqMhTWNBTe3LtFWcvwpqTkUSlB32kJop&si=mgUKBSgqDH0gsZWW
2024-12-04,10:59â€¯pm,ğ’œğ“ƒğ’¾ğ“‡ğ“Šğ’¹ğ’¹ğ’½ğ’¶,<Media omitted>
2024-12-05,12:12â€¯am,ğ’œğ“ƒğ’¾ğ“‡ğ“Šğ’¹ğ’¹ğ’½ğ’¶,<Media omitted>
2024-12-05,12:16â€¯am,ğ’œğ“ƒğ’¾ğ“‡ğ“Šğ’¹ğ’¹ğ’½ğ’¶,https://www.canva.com/design/DAGYWoLBCVs/nr5lu030-57g_WXA2nQ_6w/edit?utm_content=DAGYWoLBCVs&utm_campaign=designshare&utm_medium=link2&utm_source=sharebutton
2024-12-14,7:12â€¯pm,ğ’œğ“ƒğ’¾ğ“‡ğ“Šğ’¹ğ’¹ğ’½ğ’¶,file:///C:/Users/Aniruddha%20Mandal/OneDrive/Documents/hello%20world.html
2024-12-14,7:12â€¯pm,ğ’œğ“ƒğ’¾ğ“‡ğ“Šğ’¹ğ’¹ğ’½ğ’¶,file:///C:/Users/Aniruddha%20Mandal/OneDrive/Documents/hello%20world.html
2024-12-15,7:14â€¯pm,ğ’œğ“ƒğ’¾ğ“‡ğ“Šğ’¹ğ’¹ğ’½ğ’¶,https://www.instagram.com/direct/t/27301200756191857/?__pwa=1
2024-12-15,7:22â€¯pm,ğ’œğ“ƒğ’¾ğ“‡ğ“Šğ’¹ğ’¹ğ’½ğ’¶,https://ig.me/j/AbZvP6S4IJoC2yVE/
2024-12-18,7:54â€¯pm,ğ’œğ“ƒğ’¾ğ“‡ğ“Šğ’¹ğ’¹ğ’½ğ’¶,<Media omitted>
2024-12-19,8:26â€¯pm,ğ’œğ“ƒğ’¾ğ“‡ğ“Šğ’¹ğ’¹ğ’½ğ’¶,<Media omitted>
2024-12-24,10:05â€¯pm,ğ’œğ“ƒğ’¾ğ“‡ğ“Šğ’¹ğ’¹ğ’½ğ’¶,<Media omitted>
2024-12-24,10:10â€¯pm,ğ’œğ“ƒğ’¾ğ“‡ğ“Šğ’¹ğ’¹ğ’½ğ’¶,<Media omitted>
2024-12-24,10:23â€¯pm,ğ’œğ“ƒğ’¾ğ“‡ğ“Šğ’¹ğ’¹ğ’½ğ’¶,http://www.amanmovement.org/
2024-12-25,11:11â€¯am,ğ’œğ“ƒğ’¾ğ“‡ğ“Šğ’¹ğ’¹ğ’½ğ’¶,https://open.spotify.com/track/1yjfqoANlvFEkDiesmFlRC?si=00aa0648d3594b2e
2024-12-26,11:42â€¯am,ğ’œğ“ƒğ’¾ğ“‡ğ“Šğ’¹ğ’¹ğ’½ğ’¶,<Media omitted>
2024-12-29,1:17â€¯pm,ğ’œğ“ƒğ’¾ğ“‡ğ“Šğ’¹ğ’¹ğ’½ğ’¶,<Media omitted>
2024-12-29,1:45â€¯pm,ğ’œğ“ƒğ’¾ğ“‡ğ“Šğ’¹ğ’¹ğ’½ğ’¶,*Microsoft had Launched the Internship program to provide 1.25 lakh internship during 2024-25*
2024-12-29,10:02â€¯pm,ğ’œğ“ƒğ’¾ğ“‡ğ“Šğ’¹ğ’¹ğ’½ğ’¶,file:///C:/Users/Aniruddha%20Mandal/OneDrive/Desktop/Bakchodi%20wala/payment_form.html
2025-01-03,10:48â€¯am,ğ’œğ“ƒğ’¾ğ“‡ğ“Šğ’¹ğ’¹ğ’½ğ’¶,https://www.onlinesbi.sbi/sbicollect/icol lecthome.htm
2025-01-03,8:48â€¯pm,ğ’œğ“ƒğ’¾ğ“‡ğ“Šğ’¹ğ’¹ğ’½ğ’¶,<Media omitted>
2025-01-03,8:48â€¯pm,ğ’œğ“ƒğ’¾ğ“‡ğ“Šğ’¹ğ’¹ğ’½ğ’¶,<Media omitted>
2025-01-08,10:55â€¯am,ğ’œğ“ƒğ’¾ğ“‡ğ“Šğ’¹ğ’¹ğ’½ğ’¶,<Media omitted>
2025-01-08,6:55â€¯pm,ğ’œğ“ƒğ’¾ğ“‡ğ“Šğ’¹ğ’¹ğ’½ğ’¶,"*KSHITIJ 2025* , *IIT Kharagpur*"
2025-01-09,10:47â€¯am,ğ’œğ“ƒğ’¾ğ“‡ğ“Šğ’¹ğ’¹ğ’½ğ’¶,<Media omitted>
2025-01-09,10:49â€¯am,ğ’œğ“ƒğ’¾ğ“‡ğ“Šğ’¹ğ’¹ğ’½ğ’¶,<Media omitted>
2025-01-09,8:00â€¯pm,ğ’œğ“ƒğ’¾ğ“‡ğ“Šğ’¹ğ’¹ğ’½ğ’¶,<Media omitted>
2025-01-10,11:04â€¯pm,ğ’œğ“ƒğ’¾ğ“‡ğ“Šğ’¹ğ’¹ğ’½ğ’¶,<Media omitted>
2025-01-11,7:11â€¯pm,ğ’œğ“ƒğ’¾ğ“‡ğ“Šğ’¹ğ’¹ğ’½ğ’¶,*Comparision count is almost equal to (n^2)/2
2025-01-11,7:12â€¯pm,ğ’œğ“ƒğ’¾ğ“‡ğ“Šğ’¹ğ’¹ğ’½ğ’¶,"fprintf(f, ""%d,%ld,%ld\n"", n, cmp_time, total_time);"
2025-01-11,7:14â€¯pm,ğ’œğ“ƒğ’¾ğ“‡ğ“Šğ’¹ğ’¹ğ’½ğ’¶,Assignment 1: Implementing And Analyzing
2025-01-11,7:15â€¯pm,ğ’œğ“ƒğ’¾ğ“‡ğ“Šğ’¹ğ’¹ğ’½ğ’¶,"fill(arr, sizes[i]);"
2025-01-11,7:55â€¯pm,ğ’œğ“ƒğ’¾ğ“‡ğ“Šğ’¹ğ’¹ğ’½ğ’¶,https://1drv.ms/w/s!As2peHjCnyd6myr6uBOQs78D_fsK?e=hAeH60
2025-01-11,7:59â€¯pm,ğ’œğ“ƒğ’¾ğ“‡ğ“Šğ’¹ğ’¹ğ’½ğ’¶,*https://1drv.ms/w/s!As2peHjCnyd6myr6uBOQs78D_fsK?e=ZSdNs9*
2025-01-11,8:09â€¯pm,ğ’œğ“ƒğ’¾ğ“‡ğ“Šğ’¹ğ’¹ğ’½ğ’¶,https://acrobat.adobe.com/id/urn:aaid:sc:AP:c8014480-7681-41d2-bee8-f4003d754e8f
2025-01-11,8:10â€¯pm,ğ’œğ“ƒğ’¾ğ“‡ğ“Šğ’¹ğ’¹ğ’½ğ’¶,<Media omitted>
2025-01-13,4:50â€¯pm,ğ’œğ“ƒğ’¾ğ“‡ğ“Šğ’¹ğ’¹ğ’½ğ’¶,<Media omitted>
2025-01-17,8:49â€¯am,ğ’œğ“ƒğ’¾ğ“‡ğ“Šğ’¹ğ’¹ğ’½ğ’¶,https://community.stockgro.club/form/8ce8cbf6-aac5-48a4-831b-808db30cb0fc
2025-01-18,10:24â€¯am,ğ’œğ“ƒğ’¾ğ“‡ğ“Šğ’¹ğ’¹ğ’½ğ’¶,<Media omitted>
2025-01-18,10:26â€¯am,ğ’œğ“ƒğ’¾ğ“‡ğ“Šğ’¹ğ’¹ğ’½ğ’¶,<Media omitted>
2025-01-20,12:58â€¯pm,ğ’œğ“ƒğ’¾ğ“‡ğ“Šğ’¹ğ’¹ğ’½ğ’¶,https://www.youtube.com/watch?v=zts6uNVnCNs&list=PLfqMhTWNBTe3H6c9OGXb5_6wcc1Mca52n&index=18
2025-01-20,12:58â€¯pm,ğ’œğ“ƒğ’¾ğ“‡ğ“Šğ’¹ğ’¹ğ’½ğ’¶,file:///c%3A/Users/Aniruddha%20Mandal/OneDrive/Desktop/WEB/flex_container.html
2025-01-20,2:22â€¯pm,ğ’œğ“ƒğ’¾ğ“‡ğ“Šğ’¹ğ’¹ğ’½ğ’¶,<Media omitted>
2025-01-24,11:55â€¯am,ğ’œğ“ƒğ’¾ğ“‡ğ“Šğ’¹ğ’¹ğ’½ğ’¶,<Media omitted>
2025-01-24,11:55â€¯am,ğ’œğ“ƒğ’¾ğ“‡ğ“Šğ’¹ğ’¹ğ’½ğ’¶,<Media omitted>
2025-01-24,11:55â€¯am,ğ’œğ“ƒğ’¾ğ“‡ğ“Šğ’¹ğ’¹ğ’½ğ’¶,<Media omitted>
2025-01-24,11:55â€¯am,ğ’œğ“ƒğ’¾ğ“‡ğ“Šğ’¹ğ’¹ğ’½ğ’¶,<Media omitted>
2025-01-24,11:55â€¯am,ğ’œğ“ƒğ’¾ğ“‡ğ“Šğ’¹ğ’¹ğ’½ğ’¶,<Media omitted>
2025-01-24,11:55â€¯am,ğ’œğ“ƒğ’¾ğ“‡ğ“Šğ’¹ğ’¹ğ’½ğ’¶,<Media omitted>
2025-01-24,11:55â€¯am,ğ’œğ“ƒğ’¾ğ“‡ğ“Šğ’¹ğ’¹ğ’½ğ’¶,<Media omitted>
2025-01-24,11:55â€¯am,ğ’œğ“ƒğ’¾ğ“‡ğ“Šğ’¹ğ’¹ğ’½ğ’¶,<Media omitted>
2025-01-24,11:55â€¯am,ğ’œğ“ƒğ’¾ğ“‡ğ“Šğ’¹ğ’¹ğ’½ğ’¶,<Media omitted>
2025-01-24,11:55â€¯am,ğ’œğ“ƒğ’¾ğ“‡ğ“Šğ’¹ğ’¹ğ’½ğ’¶,<Media omitted>
2025-01-24,11:55â€¯am,ğ’œğ“ƒğ’¾ğ“‡ğ“Šğ’¹ğ’¹ğ’½ğ’¶,<Media omitted>
2025-01-24,11:55â€¯am,ğ’œğ“ƒğ’¾ğ“‡ğ“Šğ’¹ğ’¹ğ’½ğ’¶,<Media omitted>
2025-01-24,11:55â€¯am,ğ’œğ“ƒğ’¾ğ“‡ğ“Šğ’¹ğ’¹ğ’½ğ’¶,<Media omitted>
2025-01-24,11:55â€¯am,ğ’œğ“ƒğ’¾ğ“‡ğ“Šğ’¹ğ’¹ğ’½ğ’¶,<Media omitted>
2025-01-24,11:55â€¯am,ğ’œğ“ƒğ’¾ğ“‡ğ“Šğ’¹ğ’¹ğ’½ğ’¶,<Media omitted>
2025-01-24,11:55â€¯am,ğ’œğ“ƒğ’¾ğ“‡ğ“Šğ’¹ğ’¹ğ’½ğ’¶,<Media omitted>
2025-01-24,11:55â€¯am,ğ’œğ“ƒğ’¾ğ“‡ğ“Šğ’¹ğ’¹ğ’½ğ’¶,<Media omitted>
2025-01-24,11:55â€¯am,ğ’œğ“ƒğ’¾ğ“‡ğ“Šğ’¹ğ’¹ğ’½ğ’¶,<Media omitted>
2025-01-27,1:56â€¯am,ğ’œğ“ƒğ’¾ğ“‡ğ“Šğ’¹ğ’¹ğ’½ğ’¶,<Media omitted>
2025-01-27,1:56â€¯am,ğ’œğ“ƒğ’¾ğ“‡ğ“Šğ’¹ğ’¹ğ’½ğ’¶,<Media omitted>
2025-01-30,12:05â€¯pm,ğ’œğ“ƒğ’¾ğ“‡ğ“Šğ’¹ğ’¹ğ’½ğ’¶,<Media omitted>
2025-01-30,12:10â€¯pm,ğ’œğ“ƒğ’¾ğ“‡ğ“Šğ’¹ğ’¹ğ’½ğ’¶,You deleted this message
2025-01-30,12:14â€¯pm,ğ’œğ“ƒğ’¾ğ“‡ğ“Šğ’¹ğ’¹ğ’½ğ’¶,<Media omitted>
2025-01-30,12:14â€¯pm,ğ’œğ“ƒğ’¾ğ“‡ğ“Šğ’¹ğ’¹ğ’½ğ’¶,<Media omitted>
2025-01-30,12:50â€¯pm,ğ’œğ“ƒğ’¾ğ“‡ğ“Šğ’¹ğ’¹ğ’½ğ’¶,<Media omitted>
2025-01-30,12:57â€¯pm,ğ’œğ“ƒğ’¾ğ“‡ğ“Šğ’¹ğ’¹ğ’½ğ’¶,You deleted this message
2025-01-30,1:05â€¯pm,ğ’œğ“ƒğ’¾ğ“‡ğ“Šğ’¹ğ’¹ğ’½ğ’¶,You deleted this message
2025-01-30,2:20â€¯pm,ğ’œğ“ƒğ’¾ğ“‡ğ“Šğ’¹ğ’¹ğ’½ğ’¶,<Media omitted>
2025-01-30,2:31â€¯pm,ğ’œğ“ƒğ’¾ğ“‡ğ“Šğ’¹ğ’¹ğ’½ğ’¶,<Media omitted>
2025-01-30,2:32â€¯pm,ğ’œğ“ƒğ’¾ğ“‡ğ“Šğ’¹ğ’¹ğ’½ğ’¶,<Media omitted>
2025-01-30,11:07â€¯pm,ğ’œğ“ƒğ’¾ğ“‡ğ“Šğ’¹ğ’¹ğ’½ğ’¶,#include <stdio.h>
2025-01-31,10:17â€¯am,ğ’œğ“ƒğ’¾ğ“‡ğ“Šğ’¹ğ’¹ğ’½ğ’¶,#include <stdio.h>
2025-02-04,10:28â€¯pm,ğ’œğ“ƒğ’¾ğ“‡ğ“Šğ’¹ğ’¹ğ’½ğ’¶,<Media omitted>
2025-02-04,11:08â€¯pm,ğ’œğ“ƒğ’¾ğ“‡ğ“Šğ’¹ğ’¹ğ’½ğ’¶,<Media omitted>
2025-02-04,11:17â€¯pm,ğ’œğ“ƒğ’¾ğ“‡ğ“Šğ’¹ğ’¹ğ’½ğ’¶,<Media omitted>
2025-02-04,11:18â€¯pm,ğ’œğ“ƒğ’¾ğ“‡ğ“Šğ’¹ğ’¹ğ’½ğ’¶,<Media omitted>
2025-02-06,10:22â€¯pm,ğ’œğ“ƒğ’¾ğ“‡ğ“Šğ’¹ğ’¹ğ’½ğ’¶,https://forms.gle/uAqwUJrjdaRoPZdr5
2025-02-07,9:58â€¯pm,ğ’œğ“ƒğ’¾ğ“‡ğ“Šğ’¹ğ’¹ğ’½ğ’¶,<Media omitted>
2025-02-08,9:03â€¯am,ğ’œğ“ƒğ’¾ğ“‡ğ“Šğ’¹ğ’¹ğ’½ğ’¶,https://maps.app.goo.gl/ieqYpqmHvebbADey6
2025-02-08,11:49â€¯pm,ğ’œğ“ƒğ’¾ğ“‡ğ“Šğ’¹ğ’¹ğ’½ğ’¶,<Media omitted>
2025-02-08,11:49â€¯pm,ğ’œğ“ƒğ’¾ğ“‡ğ“Šğ’¹ğ’¹ğ’½ğ’¶,<Media omitted>
2025-02-08,11:50â€¯pm,ğ’œğ“ƒğ’¾ğ“‡ğ“Šğ’¹ğ’¹ğ’½ğ’¶,<Media omitted>
2025-02-08,11:50â€¯pm,ğ’œğ“ƒğ’¾ğ“‡ğ“Šğ’¹ğ’¹ğ’½ğ’¶,<Media omitted>
2025-02-08,11:50â€¯pm,ğ’œğ“ƒğ’¾ğ“‡ğ“Šğ’¹ğ’¹ğ’½ğ’¶,<Media omitted>
2025-02-08,11:50â€¯pm,ğ’œğ“ƒğ’¾ğ“‡ğ“Šğ’¹ğ’¹ğ’½ğ’¶,<Media omitted>
2025-02-08,11:52â€¯pm,ğ’œğ“ƒğ’¾ğ“‡ğ“Šğ’¹ğ’¹ğ’½ğ’¶,<Media omitted>
2025-02-10,7:39â€¯pm,ğ’œğ“ƒğ’¾ğ“‡ğ“Šğ’¹ğ’¹ğ’½ğ’¶,<Media omitted>
2025-02-10,7:40â€¯pm,ğ’œğ“ƒğ’¾ğ“‡ğ“Šğ’¹ğ’¹ğ’½ğ’¶,<Media omitted>
2025-02-10,7:42â€¯pm,ğ’œğ“ƒğ’¾ğ“‡ğ“Šğ’¹ğ’¹ğ’½ğ’¶,<Media omitted>
2025-02-10,7:44â€¯pm,ğ’œğ“ƒğ’¾ğ“‡ğ“Šğ’¹ğ’¹ğ’½ğ’¶,<Media omitted>
2025-02-12,10:07â€¯am,ğ’œğ“ƒğ’¾ğ“‡ğ“Šğ’¹ğ’¹ğ’½ğ’¶,<Media omitted>
2025-02-12,10:08â€¯am,ğ’œğ“ƒğ’¾ğ“‡ğ“Šğ’¹ğ’¹ğ’½ğ’¶,<Media omitted>
2025-02-13,12:26â€¯am,ğ’œğ“ƒğ’¾ğ“‡ğ“Šğ’¹ğ’¹ğ’½ğ’¶,<Media omitted>
2025-02-25,11:15â€¯am,ğ’œğ“ƒğ’¾ğ“‡ğ“Šğ’¹ğ’¹ğ’½ğ’¶,
2025-02-25,11:15â€¯am,ğ’œğ“ƒğ’¾ğ“‡ğ“Šğ’¹ğ’¹ğ’½ğ’¶,<Media omitted>
2025-02-25,11:15â€¯am,ğ’œğ“ƒğ’¾ğ“‡ğ“Šğ’¹ğ’¹ğ’½ğ’¶,<Media omitted>
2025-02-25,11:15â€¯am,ğ’œğ“ƒğ’¾ğ“‡ğ“Šğ’¹ğ’¹ğ’½ğ’¶,<Media omitted>
2025-02-25,11:15â€¯am,ğ’œğ“ƒğ’¾ğ“‡ğ“Šğ’¹ğ’¹ğ’½ğ’¶,<Media omitted>
2025-02-25,11:15â€¯am,ğ’œğ“ƒğ’¾ğ“‡ğ“Šğ’¹ğ’¹ğ’½ğ’¶,<Media omitted>
2025-02-25,11:15â€¯am,ğ’œğ“ƒğ’¾ğ“‡ğ“Šğ’¹ğ’¹ğ’½ğ’¶,<Media omitted>
2025-02-25,11:15â€¯am,ğ’œğ“ƒğ’¾ğ“‡ğ“Šğ’¹ğ’¹ğ’½ğ’¶,<Media omitted>
2025-02-25,11:15â€¯am,ğ’œğ“ƒğ’¾ğ“‡ğ“Šğ’¹ğ’¹ğ’½ğ’¶,<Media omitted>
2025-02-25,11:15â€¯am,ğ’œğ“ƒğ’¾ğ“‡ğ“Šğ’¹ğ’¹ğ’½ğ’¶,<Media omitted>
2025-02-25,11:15â€¯am,ğ’œğ“ƒğ’¾ğ“‡ğ“Šğ’¹ğ’¹ğ’½ğ’¶,<Media omitted>
2025-02-25,11:15â€¯am,ğ’œğ“ƒğ’¾ğ“‡ğ“Šğ’¹ğ’¹ğ’½ğ’¶,<Media omitted>
2025-02-25,11:15â€¯am,ğ’œğ“ƒğ’¾ğ“‡ğ“Šğ’¹ğ’¹ğ’½ğ’¶,<Media omitted>
2025-02-25,11:15â€¯am,ğ’œğ“ƒğ’¾ğ“‡ğ“Šğ’¹ğ’¹ğ’½ğ’¶,<Media omitted>
2025-02-25,11:15â€¯am,ğ’œğ“ƒğ’¾ğ“‡ğ“Šğ’¹ğ’¹ğ’½ğ’¶,<Media omitted>
2025-02-25,11:15â€¯am,ğ’œğ“ƒğ’¾ğ“‡ğ“Šğ’¹ğ’¹ğ’½ğ’¶,<Media omitted>
2025-02-25,11:15â€¯am,ğ’œğ“ƒğ’¾ğ“‡ğ“Šğ’¹ğ’¹ğ’½ğ’¶,<Media omitted>
2025-02-25,11:15â€¯am,ğ’œğ“ƒğ’¾ğ“‡ğ“Šğ’¹ğ’¹ğ’½ğ’¶,<Media omitted>
2025-02-25,11:15â€¯am,ğ’œğ“ƒğ’¾ğ“‡ğ“Šğ’¹ğ’¹ğ’½ğ’¶,<Media omitted>
2025-02-25,11:15â€¯am,ğ’œğ“ƒğ’¾ğ“‡ğ“Šğ’¹ğ’¹ğ’½ğ’¶,<Media omitted>
2025-02-25,11:15â€¯am,ğ’œğ“ƒğ’¾ğ“‡ğ“Šğ’¹ğ’¹ğ’½ğ’¶,<Media omitted>
2025-02-25,11:15â€¯am,ğ’œğ“ƒğ’¾ğ“‡ğ“Šğ’¹ğ’¹ğ’½ğ’¶,<Media omitted>
2025-02-25,11:15â€¯am,ğ’œğ“ƒğ’¾ğ“‡ğ“Šğ’¹ğ’¹ğ’½ğ’¶,<Media omitted>
2025-02-25,11:15â€¯am,ğ’œğ“ƒğ’¾ğ“‡ğ“Šğ’¹ğ’¹ğ’½ğ’¶,<Media omitted>
2025-02-25,11:15â€¯am,ğ’œğ“ƒğ’¾ğ“‡ğ“Šğ’¹ğ’¹ğ’½ğ’¶,<Media omitted>
2025-02-25,11:15â€¯am,ğ’œğ“ƒğ’¾ğ“‡ğ“Šğ’¹ğ’¹ğ’½ğ’¶,<Media omitted>
2025-02-25,11:15â€¯am,ğ’œğ“ƒğ’¾ğ“‡ğ“Šğ’¹ğ’¹ğ’½ğ’¶,<Media omitted>
2025-02-25,11:15â€¯am,ğ’œğ“ƒğ’¾ğ“‡ğ“Šğ’¹ğ’¹ğ’½ğ’¶,<Media omitted>
2025-02-25,11:15â€¯am,ğ’œğ“ƒğ’¾ğ“‡ğ“Šğ’¹ğ’¹ğ’½ğ’¶,<Media omitted>
2025-02-25,11:15â€¯am,ğ’œğ“ƒğ’¾ğ“‡ğ“Šğ’¹ğ’¹ğ’½ğ’¶,<Media omitted>
2025-02-25,11:15â€¯am,ğ’œğ“ƒğ’¾ğ“‡ğ“Šğ’¹ğ’¹ğ’½ğ’¶,<Media omitted>
2025-02-25,11:15â€¯am,ğ’œğ“ƒğ’¾ğ“‡ğ“Šğ’¹ğ’¹ğ’½ğ’¶,<Media omitted>
2025-02-25,11:15â€¯am,ğ’œğ“ƒğ’¾ğ“‡ğ“Šğ’¹ğ’¹ğ’½ğ’¶,<Media omitted>
2025-02-25,11:15â€¯am,ğ’œğ“ƒğ’¾ğ“‡ğ“Šğ’¹ğ’¹ğ’½ğ’¶,<Media omitted>
2025-02-25,11:15â€¯am,ğ’œğ“ƒğ’¾ğ“‡ğ“Šğ’¹ğ’¹ğ’½ğ’¶,<Media omitted>
2025-02-25,11:15â€¯am,ğ’œğ“ƒğ’¾ğ“‡ğ“Šğ’¹ğ’¹ğ’½ğ’¶,<Media omitted>
2025-02-25,11:15â€¯am,ğ’œğ“ƒğ’¾ğ“‡ğ“Šğ’¹ğ’¹ğ’½ğ’¶,<Media omitted>
2025-02-25,11:15â€¯am,ğ’œğ“ƒğ’¾ğ“‡ğ“Šğ’¹ğ’¹ğ’½ğ’¶,<Media omitted>
2025-02-25,11:15â€¯am,ğ’œğ“ƒğ’¾ğ“‡ğ“Šğ’¹ğ’¹ğ’½ğ’¶,<Media omitted>
2025-02-25,11:15â€¯am,ğ’œğ“ƒğ’¾ğ“‡ğ“Šğ’¹ğ’¹ğ’½ğ’¶,<Media omitted>
2025-02-25,11:15â€¯am,ğ’œğ“ƒğ’¾ğ“‡ğ“Šğ’¹ğ’¹ğ’½ğ’¶,<Media omitted>
2025-02-27,2:12â€¯am,ğ’œğ“ƒğ’¾ğ“‡ğ“Šğ’¹ğ’¹ğ’½ğ’¶,https://youtu.be/yXCjj2jcm9g?si=xaOPtKJJq7y_jDV2
2025-02-27,10:02â€¯pm,ğ’œğ“ƒğ’¾ğ“‡ğ“Šğ’¹ğ’¹ğ’½ğ’¶,https://www.naukri.com/campus/contests/scholarship-for-engineering-students?utm_source=ROIM27&utm_medium=B2C&utm_campaign=EROH
2025-02-28,9:29â€¯am,ğ’œğ“ƒğ’¾ğ“‡ğ“Šğ’¹ğ’¹ğ’½ğ’¶,https://sites.google.com/view/ssdatastructure/lab-assignments/assignment-3-applications-of-the-linked-list
2025-02-28,10:39â€¯am,ğ’œğ“ƒğ’¾ğ“‡ğ“Šğ’¹ğ’¹ğ’½ğ’¶,#include <stdio.h>
2025-02-28,11:51â€¯am,ğ’œğ“ƒğ’¾ğ“‡ğ“Šğ’¹ğ’¹ğ’½ğ’¶,#include <stdio.h>
2025-03-01,12:28â€¯pm,ğ’œğ“ƒğ’¾ğ“‡ğ“Šğ’¹ğ’¹ğ’½ğ’¶,"He's only 5 months old, but a liver transplant is his only chance at survival! Please help us"
2025-03-03,7:03â€¯pm,ğ’œğ“ƒğ’¾ğ“‡ğ“Šğ’¹ğ’¹ğ’½ğ’¶,<Media omitted>
2025-03-07,2:40â€¯pm,ğ’œğ“ƒğ’¾ğ“‡ğ“Šğ’¹ğ’¹ğ’½ğ’¶,<Media omitted>
2025-03-10,10:32â€¯pm,ğ’œğ“ƒğ’¾ğ“‡ğ“Šğ’¹ğ’¹ğ’½ğ’¶,<Media omitted>
2025-03-11,1:30â€¯am,ğ’œğ“ƒğ’¾ğ“‡ğ“Šğ’¹ğ’¹ğ’½ğ’¶,<Media omitted>
2025-03-11,9:41â€¯pm,ğ’œğ“ƒğ’¾ğ“‡ğ“Šğ’¹ğ’¹ğ’½ğ’¶,
2025-03-11,9:41â€¯pm,ğ’œğ“ƒğ’¾ğ“‡ğ“Šğ’¹ğ’¹ğ’½ğ’¶,<Media omitted>
2025-03-11,9:41â€¯pm,ğ’œğ“ƒğ’¾ğ“‡ğ“Šğ’¹ğ’¹ğ’½ğ’¶,<Media omitted>
2025-03-11,9:41â€¯pm,ğ’œğ“ƒğ’¾ğ“‡ğ“Šğ’¹ğ’¹ğ’½ğ’¶,<Media omitted>
2025-03-11,9:41â€¯pm,ğ’œğ“ƒğ’¾ğ“‡ğ“Šğ’¹ğ’¹ğ’½ğ’¶,<Media omitted>
2025-03-11,9:41â€¯pm,ğ’œğ“ƒğ’¾ğ“‡ğ“Šğ’¹ğ’¹ğ’½ğ’¶,<Media omitted>
2025-03-14,3:35â€¯pm,ğ’œğ“ƒğ’¾ğ“‡ğ“Šğ’¹ğ’¹ğ’½ğ’¶,<Media omitted>
2025-03-21,1:55â€¯pm,ğ’œğ“ƒğ’¾ğ“‡ğ“Šğ’¹ğ’¹ğ’½ğ’¶,<Media omitted>
2025-03-23,9:01â€¯pm,ğ’œğ“ƒğ’¾ğ“‡ğ“Šğ’¹ğ’¹ğ’½ğ’¶,https://youtube.com/shorts/yrl8AgtZgUg?si=CJf_b6vO-iesnCTS
2025-03-29,9:13â€¯am,ğ’œğ“ƒğ’¾ğ“‡ğ“Šğ’¹ğ’¹ğ’½ğ’¶,<Media omitted>
2025-03-31,9:35â€¯am,ğ’œğ“ƒğ’¾ğ“‡ğ“Šğ’¹ğ’¹ğ’½ğ’¶,<Media omitted>
2025-03-31,9:41â€¯am,ğ’œğ“ƒğ’¾ğ“‡ğ“Šğ’¹ğ’¹ğ’½ğ’¶,<Media omitted>
2025-03-31,10:48â€¯am,ğ’œğ“ƒğ’¾ğ“‡ğ“Šğ’¹ğ’¹ğ’½ğ’¶,<Media omitted>
2025-03-31,6:48â€¯pm,ğ’œğ“ƒğ’¾ğ“‡ğ“Šğ’¹ğ’¹ğ’½ğ’¶,
2025-03-31,6:48â€¯pm,ğ’œğ“ƒğ’¾ğ“‡ğ“Šğ’¹ğ’¹ğ’½ğ’¶,<Media omitted>
2025-03-31,6:48â€¯pm,ğ’œğ“ƒğ’¾ğ“‡ğ“Šğ’¹ğ’¹ğ’½ğ’¶,<Media omitted>
2025-03-31,6:48â€¯pm,ğ’œğ“ƒğ’¾ğ“‡ğ“Šğ’¹ğ’¹ğ’½ğ’¶,<Media omitted>
2025-03-31,6:48â€¯pm,ğ’œğ“ƒğ’¾ğ“‡ğ“Šğ’¹ğ’¹ğ’½ğ’¶,<Media omitted>
2025-03-31,6:59â€¯pm,ğ’œğ“ƒğ’¾ğ“‡ğ“Šğ’¹ğ’¹ğ’½ğ’¶,<Media omitted>
2025-04-01,12:54â€¯pm,ğ’œğ“ƒğ’¾ğ“‡ğ“Šğ’¹ğ’¹ğ’½ğ’¶,"_removed you_                                                                                                                                                                                                                                                                                                                                                                                                                                                                                                                                                                                                                                                                                                                                                                                                                                                                                                                                                                                                                                                                                                                                                                                                                                                                                                                                                                                                                                                                                                                                                                                                                                                                                                                                                                                                                                                                                                                                                                                                                                                                                                                                                                                                                                                                                                                                                                                                              ğŸ˜œğŸ˜œğŸ˜„âœŒâœŒâœŒ   Not only you, even ADMIN would've been shocked for a moment ğŸ˜œğŸ˜œğŸ˜œ.....Forward it to other groups and  See their reaction ğŸ˜‚ğŸ˜‚Don't post anything for some time,"
2025-04-03,7:30â€¯pm,ğ’œğ“ƒğ’¾ğ“‡ğ“Šğ’¹ğ’¹ğ’½ğ’¶,#include <stdio.h>
2025-04-03,7:30â€¯pm,ğ’œğ“ƒğ’¾ğ“‡ğ“Šğ’¹ğ’¹ğ’½ğ’¶,****************************************
2025-04-03,7:30â€¯pm,ğ’œğ“ƒğ’¾ğ“‡ğ“Šğ’¹ğ’¹ğ’½ğ’¶,#include <stdio.h>
2025-04-03,7:30â€¯pm,ğ’œğ“ƒğ’¾ğ“‡ğ“Šğ’¹ğ’¹ğ’½ğ’¶,**********************************
2025-04-03,7:30â€¯pm,ğ’œğ“ƒğ’¾ğ“‡ğ“Šğ’¹ğ’¹ğ’½ğ’¶,#include <stdio.h>
2025-04-03,7:39â€¯pm,ğ’œğ“ƒğ’¾ğ“‡ğ“Šğ’¹ğ’¹ğ’½ğ’¶,#include <stdio.h>
2025-04-04,8:08â€¯pm,ğ’œğ“ƒğ’¾ğ“‡ğ“Šğ’¹ğ’¹ğ’½ğ’¶,<Media omitted>
2025-04-05,12:51â€¯pm,ğ’œğ“ƒğ’¾ğ“‡ğ“Šğ’¹ğ’¹ğ’½ğ’¶,<Media omitted>
2025-04-12,3:32â€¯pm,ğ’œğ“ƒğ’¾ğ“‡ğ“Šğ’¹ğ’¹ğ’½ğ’¶,https://in.docworkspace.com/d/sIGK-opuKApz06L8G
2025-04-12,3:36â€¯pm,ğ’œğ“ƒğ’¾ğ“‡ğ“Šğ’¹ğ’¹ğ’½ğ’¶,<Media omitted>
2025-04-12,3:36â€¯pm,ğ’œğ“ƒğ’¾ğ“‡ğ“Šğ’¹ğ’¹ğ’½ğ’¶,<Media omitted>
2025-04-12,6:59â€¯pm,ğ’œğ“ƒğ’¾ğ“‡ğ“Šğ’¹ğ’¹ğ’½ğ’¶,### ORGANIC CHEMISTRY IMPORTANT QUESTIONS & ANSWERS
2025-04-14,3:22â€¯pm,ğ’œğ“ƒğ’¾ğ“‡ğ“Šğ’¹ğ’¹ğ’½ğ’¶,âœ… Short Answer Questions
2025-04-14,4:48â€¯pm,ğ’œğ“ƒğ’¾ğ“‡ğ“Šğ’¹ğ’¹ğ’½ğ’¶,https://www.booking.com/Share-Z8KZhc
2025-04-20,10:56â€¯am,ğ’œğ“ƒğ’¾ğ“‡ğ“Šğ’¹ğ’¹ğ’½ğ’¶,https://www.instagram.com/reel/DH2qW_HzaHv/?igsh=MWVpaGFxZmU3MW93eQ==
2025-04-23,1:39â€¯pm,ğ’œğ“ƒğ’¾ğ“‡ğ“Šğ’¹ğ’¹ğ’½ğ’¶,<Media omitted>
2025-04-23,1:39â€¯pm,ğ’œğ“ƒğ’¾ğ“‡ğ“Šğ’¹ğ’¹ğ’½ğ’¶,<Media omitted>
2025-04-23,1:40â€¯pm,ğ’œğ“ƒğ’¾ğ“‡ğ“Šğ’¹ğ’¹ğ’½ğ’¶,<Media omitted>
2025-04-23,1:41â€¯pm,ğ’œğ“ƒğ’¾ğ“‡ğ“Šğ’¹ğ’¹ğ’½ğ’¶,<Media omitted>
2025-04-23,1:43â€¯pm,ğ’œğ“ƒğ’¾ğ“‡ğ“Šğ’¹ğ’¹ğ’½ğ’¶,<Media omitted>
2025-04-23,1:45â€¯pm,ğ’œğ“ƒğ’¾ğ“‡ğ“Šğ’¹ğ’¹ğ’½ğ’¶,<Media omitted>
2025-04-23,1:45â€¯pm,ğ’œğ“ƒğ’¾ğ“‡ğ“Šğ’¹ğ’¹ğ’½ğ’¶,<Media omitted>
2025-04-23,1:45â€¯pm,ğ’œğ“ƒğ’¾ğ“‡ğ“Šğ’¹ğ’¹ğ’½ğ’¶,<Media omitted>
2025-04-23,1:45â€¯pm,ğ’œğ“ƒğ’¾ğ“‡ğ“Šğ’¹ğ’¹ğ’½ğ’¶,<Media omitted>
2025-04-23,1:45â€¯pm,ğ’œğ“ƒğ’¾ğ“‡ğ“Šğ’¹ğ’¹ğ’½ğ’¶,<Media omitted>
2025-04-23,1:45â€¯pm,ğ’œğ“ƒğ’¾ğ“‡ğ“Šğ’¹ğ’¹ğ’½ğ’¶,<Media omitted>
2025-04-23,1:45â€¯pm,ğ’œğ“ƒğ’¾ğ“‡ğ“Šğ’¹ğ’¹ğ’½ğ’¶,<Media omitted>
2025-04-23,1:45â€¯pm,ğ’œğ“ƒğ’¾ğ“‡ğ“Šğ’¹ğ’¹ğ’½ğ’¶,<Media omitted>
2025-04-23,1:45â€¯pm,ğ’œğ“ƒğ’¾ğ“‡ğ“Šğ’¹ğ’¹ğ’½ğ’¶,<Media omitted>
2025-04-23,1:45â€¯pm,ğ’œğ“ƒğ’¾ğ“‡ğ“Šğ’¹ğ’¹ğ’½ğ’¶,<Media omitted>
2025-05-03,12:59â€¯pm,ğ’œğ“ƒğ’¾ğ“‡ğ“Šğ’¹ğ’¹ğ’½ğ’¶,9153177775
2025-05-06,9:31â€¯pm,ğ’œğ“ƒğ’¾ğ“‡ğ“Šğ’¹ğ’¹ğ’½ğ’¶,<Media omitted>
2025-05-26,6:31â€¯pm,ğ’œğ“ƒğ’¾ğ“‡ğ“Šğ’¹ğ’¹ğ’½ğ’¶,<Media omitted>
2025-05-31,11:04â€¯pm,ğ’œğ“ƒğ’¾ğ“‡ğ“Šğ’¹ğ’¹ğ’½ğ’¶,<Media omitted>
2025-05-31,11:04â€¯pm,ğ’œğ“ƒğ’¾ğ“‡ğ“Šğ’¹ğ’¹ğ’½ğ’¶,<Media omitted>
2025-05-31,11:04â€¯pm,ğ’œğ“ƒğ’¾ğ“‡ğ“Šğ’¹ğ’¹ğ’½ğ’¶,<Media omitted>
2025-05-31,11:05â€¯pm,ğ’œğ“ƒğ’¾ğ“‡ğ“Šğ’¹ğ’¹ğ’½ğ’¶,<Media omitted>
2025-05-31,11:14â€¯pm,ğ’œğ“ƒğ’¾ğ“‡ğ“Šğ’¹ğ’¹ğ’½ğ’¶,<Media omitted>
2025-06-02,4:58â€¯pm,ğ’œğ“ƒğ’¾ğ“‡ğ“Šğ’¹ğ’¹ğ’½ğ’¶,<Media omitted>
2025-06-02,4:58â€¯pm,ğ’œğ“ƒğ’¾ğ“‡ğ“Šğ’¹ğ’¹ğ’½ğ’¶,<Media omitted>
2025-06-02,4:59â€¯pm,ğ’œğ“ƒğ’¾ğ“‡ğ“Šğ’¹ğ’¹ğ’½ğ’¶,<Media omitted>
2025-06-02,5:00â€¯pm,ğ’œğ“ƒğ’¾ğ“‡ğ“Šğ’¹ğ’¹ğ’½ğ’¶,<Media omitted>
2025-06-02,5:01â€¯pm,ğ’œğ“ƒğ’¾ğ“‡ğ“Šğ’¹ğ’¹ğ’½ğ’¶,<Media omitted>
2025-06-02,5:05â€¯pm,ğ’œğ“ƒğ’¾ğ“‡ğ“Šğ’¹ğ’¹ğ’½ğ’¶,<Media omitted>
2025-06-02,5:06â€¯pm,ğ’œğ“ƒğ’¾ğ“‡ğ“Šğ’¹ğ’¹ğ’½ğ’¶,<Media omitted>
2025-06-02,5:07â€¯pm,ğ’œğ“ƒğ’¾ğ“‡ğ“Šğ’¹ğ’¹ğ’½ğ’¶,<Media omitted>
2025-06-02,5:18â€¯pm,ğ’œğ“ƒğ’¾ğ“‡ğ“Šğ’¹ğ’¹ğ’½ğ’¶,<Media omitted>
2025-06-03,7:39â€¯pm,ğ’œğ“ƒğ’¾ğ“‡ğ“Šğ’¹ğ’¹ğ’½ğ’¶,<Media omitted>
2025-06-03,7:59â€¯pm,ğ’œğ“ƒğ’¾ğ“‡ğ“Šğ’¹ğ’¹ğ’½ğ’¶,<Media omitted>
2025-06-03,7:59â€¯pm,ğ’œğ“ƒğ’¾ğ“‡ğ“Šğ’¹ğ’¹ğ’½ğ’¶,<Media omitted>
2025-06-03,7:59â€¯pm,ğ’œğ“ƒğ’¾ğ“‡ğ“Šğ’¹ğ’¹ğ’½ğ’¶,<Media omitted>
2025-06-03,8:00â€¯pm,ğ’œğ“ƒğ’¾ğ“‡ğ“Šğ’¹ğ’¹ğ’½ğ’¶,<Media omitted>
2025-06-03,8:02â€¯pm,ğ’œğ“ƒğ’¾ğ“‡ğ“Šğ’¹ğ’¹ğ’½ğ’¶,<Media omitted>
2025-06-03,8:02â€¯pm,ğ’œğ“ƒğ’¾ğ“‡ğ“Šğ’¹ğ’¹ğ’½ğ’¶,<Media omitted>
2025-06-03,8:12â€¯pm,ğ’œğ“ƒğ’¾ğ“‡ğ“Šğ’¹ğ’¹ğ’½ğ’¶,<Media omitted>
2025-06-03,8:14â€¯pm,ğ’œğ“ƒğ’¾ğ“‡ğ“Šğ’¹ğ’¹ğ’½ğ’¶,<Media omitted>
2025-06-03,8:16â€¯pm,ğ’œğ“ƒğ’¾ğ“‡ğ“Šğ’¹ğ’¹ğ’½ğ’¶,<Media omitted>
2025-06-03,8:21â€¯pm,ğ’œğ“ƒğ’¾ğ“‡ğ“Šğ’¹ğ’¹ğ’½ğ’¶,<Media omitted>
2025-06-05,11:04â€¯pm,ğ’œğ“ƒğ’¾ğ“‡ğ“Šğ’¹ğ’¹ğ’½ğ’¶,https://nitdgp.in/student_login.aspx
2025-06-17,9:00â€¯am,ğ’œğ“ƒğ’¾ğ“‡ğ“Šğ’¹ğ’¹ğ’½ğ’¶,<Media omitted>
2025-06-17,6:22â€¯pm,ğ’œğ“ƒğ’¾ğ“‡ğ“Šğ’¹ğ’¹ğ’½ğ’¶,<Media omitted>
2025-06-18,10:06â€¯am,ğ’œğ“ƒğ’¾ğ“‡ğ“Šğ’¹ğ’¹ğ’½ğ’¶,<Media omitted>
2025-06-20,9:23â€¯am,ğ’œğ“ƒğ’¾ğ“‡ğ“Šğ’¹ğ’¹ğ’½ğ’¶,http://192.168.71.1:3000
2025-06-24,10:35â€¯pm,ğ’œğ“ƒğ’¾ğ“‡ğ“Šğ’¹ğ’¹ğ’½ğ’¶,<Media omitted>
2025-06-26,9:37â€¯pm,ğ’œğ“ƒğ’¾ğ“‡ğ“Šğ’¹ğ’¹ğ’½ğ’¶,https://anriuddha1.github.io/SnakeKing/
2025-06-29,8:45â€¯pm,ğ’œğ“ƒğ’¾ğ“‡ğ“Šğ’¹ğ’¹ğ’½ğ’¶,<Media omitted>
2025-06-29,8:45â€¯pm,ğ’œğ“ƒğ’¾ğ“‡ğ“Šğ’¹ğ’¹ğ’½ğ’¶,<Media omitted>
2025-06-29,8:45â€¯pm,ğ’œğ“ƒğ’¾ğ“‡ğ“Šğ’¹ğ’¹ğ’½ğ’¶,<Media omitted>
2025-06-29,8:45â€¯pm,ğ’œğ“ƒğ’¾ğ“‡ğ“Šğ’¹ğ’¹ğ’½ğ’¶,<Media omitted>
2025-06-29,8:45â€¯pm,ğ’œğ“ƒğ’¾ğ“‡ğ“Šğ’¹ğ’¹ğ’½ğ’¶,<Media omitted>
2025-06-29,8:45â€¯pm,ğ’œğ“ƒğ’¾ğ“‡ğ“Šğ’¹ğ’¹ğ’½ğ’¶,<Media omitted>
2025-06-29,8:50â€¯pm,ğ’œğ“ƒğ’¾ğ“‡ğ“Šğ’¹ğ’¹ğ’½ğ’¶,<Media omitted>
2025-06-29,9:02â€¯pm,ğ’œğ“ƒğ’¾ğ“‡ğ“Šğ’¹ğ’¹ğ’½ğ’¶,<Media omitted>
2025-06-30,8:25â€¯am,ğ’œğ“ƒğ’¾ğ“‡ğ“Šğ’¹ğ’¹ğ’½ğ’¶,<Media omitted>
2025-06-30,8:26â€¯am,ğ’œğ“ƒğ’¾ğ“‡ğ“Šğ’¹ğ’¹ğ’½ğ’¶,<Media omitted>
2025-06-30,9:04â€¯am,ğ’œğ“ƒğ’¾ğ“‡ğ“Šğ’¹ğ’¹ğ’½ğ’¶,+91 1123072632
2025-06-30,8:35â€¯pm,ğ’œğ“ƒğ’¾ğ“‡ğ“Šğ’¹ğ’¹ğ’½ğ’¶,<Media omitted>
2025-07-01,1:09â€¯am,ğ’œğ“ƒğ’¾ğ“‡ğ“Šğ’¹ğ’¹ğ’½ğ’¶,<Media omitted>
2025-07-01,9:06â€¯pm,ğ’œğ“ƒğ’¾ğ“‡ğ“Šğ’¹ğ’¹ğ’½ğ’¶,https://nitdgp.in/student_login.aspx
2025-07-02,7:34â€¯pm,ğ’œğ“ƒğ’¾ğ“‡ğ“Šğ’¹ğ’¹ğ’½ğ’¶,<Media omitted>
2025-07-04,1:13â€¯pm,ğ’œğ“ƒğ’¾ğ“‡ğ“Šğ’¹ğ’¹ğ’½ğ’¶,<Media omitted>
2025-07-08,5:05â€¯pm,ğ’œğ“ƒğ’¾ğ“‡ğ“Šğ’¹ğ’¹ğ’½ğ’¶,https://forms.gle/92XJ1PY8DVtRPSvk6
2025-07-10,9:59â€¯pm,ğ’œğ“ƒğ’¾ğ“‡ğ“Šğ’¹ğ’¹ğ’½ğ’¶,<Media omitted>
2025-07-10,10:52â€¯pm,ğ’œğ“ƒğ’¾ğ“‡ğ“Šğ’¹ğ’¹ğ’½ğ’¶,<Media omitted>
2025-07-11,12:16â€¯pm,ğ’œğ“ƒğ’¾ğ“‡ğ“Šğ’¹ğ’¹ğ’½ğ’¶,<Media omitted>
2025-07-11,12:16â€¯pm,ğ’œğ“ƒğ’¾ğ“‡ğ“Šğ’¹ğ’¹ğ’½ğ’¶,<Media omitted>
2025-07-16,1:51â€¯pm,ğ’œğ“ƒğ’¾ğ“‡ğ“Šğ’¹ğ’¹ğ’½ğ’¶,1123382391
2025-07-16,1:52â€¯pm,ğ’œğ“ƒğ’¾ğ“‡ğ“Šğ’¹ğ’¹ğ’½ğ’¶,+91 1123382391
2025-07-17,8:08â€¯pm,ğ’œğ“ƒğ’¾ğ“‡ğ“Šğ’¹ğ’¹ğ’½ğ’¶,<Media omitted>
2025-07-17,8:26â€¯pm,ğ’œğ“ƒğ’¾ğ“‡ğ“Šğ’¹ğ’¹ğ’½ğ’¶,<Media omitted>
2025-07-18,8:16â€¯am,ğ’œğ“ƒğ’¾ğ“‡ğ“Šğ’¹ğ’¹ğ’½ğ’¶,<Media omitted>
2025-07-18,5:28â€¯pm,ğ’œğ“ƒğ’¾ğ“‡ğ“Šğ’¹ğ’¹ğ’½ğ’¶,<Media omitted>
2025-07-18,6:13â€¯pm,ğ’œğ“ƒğ’¾ğ“‡ğ“Šğ’¹ğ’¹ğ’½ğ’¶,<Media omitted>
2025-07-18,6:13â€¯pm,ğ’œğ“ƒğ’¾ğ“‡ğ“Šğ’¹ğ’¹ğ’½ğ’¶,<Media omitted>
2025-07-18,6:32â€¯pm,ğ’œğ“ƒğ’¾ğ“‡ğ“Šğ’¹ğ’¹ğ’½ğ’¶,<Media omitted>
2025-07-19,9:34â€¯am,ğ’œğ“ƒğ’¾ğ“‡ğ“Šğ’¹ğ’¹ğ’½ğ’¶,https://anriuddha1.github.io/Scientific-CalC/
2025-07-19,11:27â€¯am,ğ’œğ“ƒğ’¾ğ“‡ğ“Šğ’¹ğ’¹ğ’½ğ’¶,<Media omitted>
2025-07-21,2:56â€¯pm,ğ’œğ“ƒğ’¾ğ“‡ğ“Šğ’¹ğ’¹ğ’½ğ’¶,https://anriuddha1.github.io/Netflix-Clone/
2025-07-21,7:46â€¯pm,ğ’œğ“ƒğ’¾ğ“‡ğ“Šğ’¹ğ’¹ğ’½ğ’¶,https://anriuddha1.github.io/Can-You-Survive-/
2025-07-24,7:52â€¯am,ğ’œğ“ƒğ’¾ğ“‡ğ“Šğ’¹ğ’¹ğ’½ğ’¶,<Media omitted>
2025-07-25,7:30â€¯am,ğ’œğ“ƒğ’¾ğ“‡ğ“Šğ’¹ğ’¹ğ’½ğ’¶,<Media omitted>
2025-07-25,9:01â€¯am,ğ’œğ“ƒğ’¾ğ“‡ğ“Šğ’¹ğ’¹ğ’½ğ’¶,class Solution {
2025-07-25,9:04â€¯am,ğ’œğ“ƒğ’¾ğ“‡ğ“Šğ’¹ğ’¹ğ’½ğ’¶,import java.util.Arrays;
2025-07-26,9:13â€¯am,ğ’œğ“ƒğ’¾ğ“‡ğ“Šğ’¹ğ’¹ğ’½ğ’¶,https://youtube.com/playlist?list=PLDN15nk5uLiAqcXbOEJ8JErQ_iF1E5J7O&si=FXIwl5GjsNteR3t0
2025-07-29,5:42â€¯pm,ğ’œğ“ƒğ’¾ğ“‡ğ“Šğ’¹ğ’¹ğ’½ğ’¶,<Media omitted>
2025-07-29,11:58â€¯pm,ğ’œğ“ƒğ’¾ğ“‡ğ“Šğ’¹ğ’¹ğ’½ğ’¶,<Media omitted>
2025-07-30,12:00â€¯am,ğ’œğ“ƒğ’¾ğ“‡ğ“Šğ’¹ğ’¹ğ’½ğ’¶,<Media omitted>
2025-07-30,4:03â€¯pm,ğ’œğ“ƒğ’¾ğ“‡ğ“Šğ’¹ğ’¹ğ’½ğ’¶,Admissionprint.aspx https://share.google/RhnMKSvzqHunc76ZX
2025-07-30,4:08â€¯pm,ğ’œğ“ƒğ’¾ğ“‡ğ“Šğ’¹ğ’¹ğ’½ğ’¶,<Media omitted>
2025-07-30,4:11â€¯pm,ğ’œğ“ƒğ’¾ğ“‡ğ“Šğ’¹ğ’¹ğ’½ğ’¶,<Media omitted>
2025-08-01,4:17â€¯pm,ğ’œğ“ƒğ’¾ğ“‡ğ“Šğ’¹ğ’¹ğ’½ğ’¶,<Media omitted>
2025-08-03,11:22â€¯pm,ğ’œğ“ƒğ’¾ğ“‡ğ“Šğ’¹ğ’¹ğ’½ğ’¶,<Media omitted>
2025-08-03,11:26â€¯pm,ğ’œğ“ƒğ’¾ğ“‡ğ“Šğ’¹ğ’¹ğ’½ğ’¶,<Media omitted>
2025-08-08,10:06â€¯pm,ğ’œğ“ƒğ’¾ğ“‡ğ“Šğ’¹ğ’¹ğ’½ğ’¶,<Media omitted>
2025-08-08,10:13â€¯pm,ğ’œğ“ƒğ’¾ğ“‡ğ“Šğ’¹ğ’¹ğ’½ğ’¶,<Media omitted>
2025-08-08,10:17â€¯pm,ğ’œğ“ƒğ’¾ğ“‡ğ“Šğ’¹ğ’¹ğ’½ğ’¶,https://www.perplexity.ai/search/solve-properly-OiC8fnKjSz.GZL.5v0n3bA
2025-08-09,12:34â€¯pm,ğ’œğ“ƒğ’¾ğ“‡ğ“Šğ’¹ğ’¹ğ’½ğ’¶,+1800-102-8014
2025-08-09,3:15â€¯pm,ğ’œğ“ƒğ’¾ğ“‡ğ“Šğ’¹ğ’¹ğ’½ğ’¶,ejkip9vCIPyd8m6r
2025-08-10,11:03â€¯am,ğ’œğ“ƒğ’¾ğ“‡ğ“Šğ’¹ğ’¹ğ’½ğ’¶,<Media omitted>
2025-08-10,11:03â€¯am,ğ’œğ“ƒğ’¾ğ“‡ğ“Šğ’¹ğ’¹ğ’½ğ’¶,<Media omitted>
2025-08-10,11:03â€¯am,ğ’œğ“ƒğ’¾ğ“‡ğ“Šğ’¹ğ’¹ğ’½ğ’¶,<Media omitted>
2025-08-10,11:04â€¯am,ğ’œğ“ƒğ’¾ğ“‡ğ“Šğ’¹ğ’¹ğ’½ğ’¶,<Media omitted>
2025-08-10,11:06â€¯am,ğ’œğ“ƒğ’¾ğ“‡ğ“Šğ’¹ğ’¹ğ’½ğ’¶,<Media omitted>
2025-08-10,11:06â€¯am,ğ’œğ“ƒğ’¾ğ“‡ğ“Šğ’¹ğ’¹ğ’½ğ’¶,<Media omitted>
2025-08-10,11:06â€¯am,ğ’œğ“ƒğ’¾ğ“‡ğ“Šğ’¹ğ’¹ğ’½ğ’¶,<Media omitted>
2025-08-10,11:07â€¯am,ğ’œğ“ƒğ’¾ğ“‡ğ“Šğ’¹ğ’¹ğ’½ğ’¶,<Media omitted>
2025-08-10,11:07â€¯am,ğ’œğ“ƒğ’¾ğ“‡ğ“Šğ’¹ğ’¹ğ’½ğ’¶,<Media omitted>
2025-08-10,10:13â€¯pm,ğ’œğ“ƒğ’¾ğ“‡ğ“Šğ’¹ğ’¹ğ’½ğ’¶,https://www.perplexity.ai/download-mobile
2025-08-11,12:14â€¯am,ğ’œğ“ƒğ’¾ğ“‡ğ“Šğ’¹ğ’¹ğ’½ğ’¶,"heygen , elevenlabs,suno ai,notebooklm,"
2025-08-14,7:15â€¯pm,ğ’œğ“ƒğ’¾ğ“‡ğ“Šğ’¹ğ’¹ğ’½ğ’¶,<Media omitted>
2025-08-17,12:22â€¯pm,ğ’œğ“ƒğ’¾ğ“‡ğ“Šğ’¹ğ’¹ğ’½ğ’¶,<Media omitted>
2025-08-18,7:03â€¯pm,ğ’œğ“ƒğ’¾ğ“‡ğ“Šğ’¹ğ’¹ğ’½ğ’¶,<Media omitted>
2025-08-20,2:06â€¯pm,ğ’œğ“ƒğ’¾ğ“‡ğ“Šğ’¹ğ’¹ğ’½ğ’¶,https://collegeelections.vercel.app/
2025-08-23,11:58â€¯am,ğ’œğ“ƒğ’¾ğ“‡ğ“Šğ’¹ğ’¹ğ’½ğ’¶,<Media omitted>
2025-08-23,12:03â€¯pm,ğ’œğ“ƒğ’¾ğ“‡ğ“Šğ’¹ğ’¹ğ’½ğ’¶,<Media omitted>
2025-08-25,1:48â€¯am,ğ’œğ“ƒğ’¾ğ“‡ğ“Šğ’¹ğ’¹ğ’½ğ’¶,<Media omitted>
2025-08-26,11:10â€¯pm,ğ’œğ“ƒğ’¾ğ“‡ğ“Šğ’¹ğ’¹ğ’½ğ’¶,<Media omitted>
2025-08-27,12:28â€¯am,ğ’œğ“ƒğ’¾ğ“‡ğ“Šğ’¹ğ’¹ğ’½ğ’¶,"Here is a simplified explanation of the problem description, impact, expected outcomes, and stakeholders for the Alumni Data Management platform (SIH25017):"
2025-08-27,10:01â€¯pm,ğ’œğ“ƒğ’¾ğ“‡ğ“Šğ’¹ğ’¹ğ’½ğ’¶,17	Government of Punjab	Digital Platform for Centralized Alumni Data Management and Engagement	Software	SIH25017	0	Smart Education
2025-08-28,5:05â€¯pm,ğ’œğ“ƒğ’¾ğ“‡ğ“Šğ’¹ğ’¹ğ’½ğ’¶,Tardigrada Warriors
2025-08-29,9:37â€¯am,ğ’œğ“ƒğ’¾ğ“‡ğ“Šğ’¹ğ’¹ğ’½ğ’¶,<Media omitted>
2025-09-01,10:59â€¯am,ğ’œğ“ƒğ’¾ğ“‡ğ“Šğ’¹ğ’¹ğ’½ğ’¶,<Media omitted>
2025-09-01,10:59â€¯am,ğ’œğ“ƒğ’¾ğ“‡ğ“Šğ’¹ğ’¹ğ’½ğ’¶,<Media omitted>
2025-09-01,10:59â€¯am,ğ’œğ“ƒğ’¾ğ“‡ğ“Šğ’¹ğ’¹ğ’½ğ’¶,<Media omitted>
2025-09-01,10:59â€¯am,ğ’œğ“ƒğ’¾ğ“‡ğ“Šğ’¹ğ’¹ğ’½ğ’¶,<Media omitted>
2025-09-01,10:59â€¯am,ğ’œğ“ƒğ’¾ğ“‡ğ“Šğ’¹ğ’¹ğ’½ğ’¶,<Media omitted>
2025-09-01,10:59â€¯am,ğ’œğ“ƒğ’¾ğ“‡ğ“Šğ’¹ğ’¹ğ’½ğ’¶,<Media omitted>
2025-09-01,10:59â€¯am,ğ’œğ“ƒğ’¾ğ“‡ğ“Šğ’¹ğ’¹ğ’½ğ’¶,<Media omitted>
2025-09-01,10:59â€¯am,ğ’œğ“ƒğ’¾ğ“‡ğ“Šğ’¹ğ’¹ğ’½ğ’¶,<Media omitted>
2025-09-01,10:59â€¯am,ğ’œğ“ƒğ’¾ğ“‡ğ“Šğ’¹ğ’¹ğ’½ğ’¶,<Media omitted>
2025-09-01,10:59â€¯am,ğ’œğ“ƒğ’¾ğ“‡ğ“Šğ’¹ğ’¹ğ’½ğ’¶,<Media omitted>
2025-09-01,10:59â€¯am,ğ’œğ“ƒğ’¾ğ“‡ğ“Šğ’¹ğ’¹ğ’½ğ’¶,<Media omitted>
2025-09-01,10:59â€¯am,ğ’œğ“ƒğ’¾ğ“‡ğ“Šğ’¹ğ’¹ğ’½ğ’¶,<Media omitted>
2025-09-01,10:59â€¯am,ğ’œğ“ƒğ’¾ğ“‡ğ“Šğ’¹ğ’¹ğ’½ğ’¶,<Media omitted>
2025-09-01,10:59â€¯am,ğ’œğ“ƒğ’¾ğ“‡ğ“Šğ’¹ğ’¹ğ’½ğ’¶,<Media omitted>
2025-09-01,10:59â€¯am,ğ’œğ“ƒğ’¾ğ“‡ğ“Šğ’¹ğ’¹ğ’½ğ’¶,<Media omitted>
2025-09-01,10:59â€¯am,ğ’œğ“ƒğ’¾ğ“‡ğ“Šğ’¹ğ’¹ğ’½ğ’¶,<Media omitted>
2025-09-01,10:59â€¯am,ğ’œğ“ƒğ’¾ğ“‡ğ“Šğ’¹ğ’¹ğ’½ğ’¶,<Media omitted>
2025-09-01,10:59â€¯am,ğ’œğ“ƒğ’¾ğ“‡ğ“Šğ’¹ğ’¹ğ’½ğ’¶,<Media omitted>
2025-09-01,10:59â€¯am,ğ’œğ“ƒğ’¾ğ“‡ğ“Šğ’¹ğ’¹ğ’½ğ’¶,<Media omitted>
2025-09-01,10:59â€¯am,ğ’œğ“ƒğ’¾ğ“‡ğ“Šğ’¹ğ’¹ğ’½ğ’¶,<Media omitted>
2025-09-01,10:59â€¯am,ğ’œğ“ƒğ’¾ğ“‡ğ“Šğ’¹ğ’¹ğ’½ğ’¶,<Media omitted>
2025-09-01,10:59â€¯am,ğ’œğ“ƒğ’¾ğ“‡ğ“Šğ’¹ğ’¹ğ’½ğ’¶,<Media omitted>
2025-09-01,10:59â€¯am,ğ’œğ“ƒğ’¾ğ“‡ğ“Šğ’¹ğ’¹ğ’½ğ’¶,<Media omitted>
2025-09-01,10:59â€¯am,ğ’œğ“ƒğ’¾ğ“‡ğ“Šğ’¹ğ’¹ğ’½ğ’¶,<Media omitted>
2025-09-01,12:18â€¯pm,ğ’œğ“ƒğ’¾ğ“‡ğ“Šğ’¹ğ’¹ğ’½ğ’¶,<Media omitted>
2025-09-01,10:04â€¯pm,ğ’œğ“ƒğ’¾ğ“‡ğ“Šğ’¹ğ’¹ğ’½ğ’¶,<Media omitted>
2025-09-01,10:16â€¯pm,ğ’œğ“ƒğ’¾ğ“‡ğ“Šğ’¹ğ’¹ğ’½ğ’¶,<Media omitted>
2025-09-02,12:35â€¯pm,ğ’œğ“ƒğ’¾ğ“‡ğ“Šğ’¹ğ’¹ğ’½ğ’¶,https://www.instagram.com/reel/DNs7yOU5Aem/?igsh=MWpjNmI1dHE4dWw0cA==
2025-09-02,12:40â€¯pm,ğ’œğ“ƒğ’¾ğ“‡ğ“Šğ’¹ğ’¹ğ’½ğ’¶,https://www.instagram.com/reel/DNlb2dWyFMz/?igsh=dHprYm9iNzBrYWg3
2025-09-03,7:50â€¯pm,ğ’œğ“ƒğ’¾ğ“‡ğ“Šğ’¹ğ’¹ğ’½ğ’¶,<Media omitted>
2025-09-05,11:10â€¯am,ğ’œğ“ƒğ’¾ğ“‡ğ“Šğ’¹ğ’¹ğ’½ğ’¶,<Media omitted>
2025-09-05,9:59â€¯pm,ğ’œğ“ƒğ’¾ğ“‡ğ“Šğ’¹ğ’¹ğ’½ğ’¶,"Improved Data Accuracy: Centralized, up-to-date data reduces duplication and errors."
2025-09-05,11:20â€¯pm,ğ’œğ“ƒğ’¾ğ“‡ğ“Šğ’¹ğ’¹ğ’½ğ’¶,Centralizing and updating alumni data for accuracy and ease of management.
2025-09-07,1:16â€¯am,ğ’œğ“ƒğ’¾ğ“‡ğ“Šğ’¹ğ’¹ğ’½ğ’¶,<Media omitted>
2025-09-08,3:17â€¯pm,ğ’œğ“ƒğ’¾ğ“‡ğ“Šğ’¹ğ’¹ğ’½ğ’¶,<Media omitted>
2025-09-09,1:57â€¯pm,ğ’œğ“ƒğ’¾ğ“‡ğ“Šğ’¹ğ’¹ğ’½ğ’¶,All are us weak hero
2025-09-10,5:46â€¯pm,ğ’œğ“ƒğ’¾ğ“‡ğ“Šğ’¹ğ’¹ğ’½ğ’¶,<Media omitted>
2025-09-10,5:46â€¯pm,ğ’œğ“ƒğ’¾ğ“‡ğ“Šğ’¹ğ’¹ğ’½ğ’¶,<Media omitted>
2025-09-12,1:35â€¯pm,ğ’œğ“ƒğ’¾ğ“‡ğ“Šğ’¹ğ’¹ğ’½ğ’¶,*FRESHERS CIRCLE - (2K25-2K29)*
2025-09-12,2:26â€¯pm,ğ’œğ“ƒğ’¾ğ“‡ğ“Šğ’¹ğ’¹ğ’½ğ’¶,<Media omitted>
2025-09-12,3:04â€¯pm,ğ’œğ“ƒğ’¾ğ“‡ğ“Šğ’¹ğ’¹ğ’½ğ’¶,<Media omitted>
2025-09-14,9:38â€¯am,ğ’œğ“ƒğ’¾ğ“‡ğ“Šğ’¹ğ’¹ğ’½ğ’¶,<Media omitted>
2025-09-14,9:47â€¯am,ğ’œğ“ƒğ’¾ğ“‡ğ“Šğ’¹ğ’¹ğ’½ğ’¶,<Media omitted>
2025-09-14,9:48â€¯pm,ğ’œğ“ƒğ’¾ğ“‡ğ“Šğ’¹ğ’¹ğ’½ğ’¶,<Media omitted>
2025-09-14,9:48â€¯pm,ğ’œğ“ƒğ’¾ğ“‡ğ“Šğ’¹ğ’¹ğ’½ğ’¶,<Media omitted>
2025-09-16,11:44â€¯pm,ğ’œğ“ƒğ’¾ğ“‡ğ“Šğ’¹ğ’¹ğ’½ğ’¶,<Media omitted>
2025-09-17,9:53â€¯am,ğ’œğ“ƒğ’¾ğ“‡ğ“Šğ’¹ğ’¹ğ’½ğ’¶,<Media omitted>
2025-09-17,12:39â€¯pm,ğ’œğ“ƒğ’¾ğ“‡ğ“Šğ’¹ğ’¹ğ’½ğ’¶,<Media omitted>
2025-09-17,3:31â€¯pm,ğ’œğ“ƒğ’¾ğ“‡ğ“Šğ’¹ğ’¹ğ’½ğ’¶,<Media omitted>
2025-09-17,3:37â€¯pm,ğ’œğ“ƒğ’¾ğ“‡ğ“Šğ’¹ğ’¹ğ’½ğ’¶,<Media omitted>
2025-09-20,6:28â€¯pm,ğ’œğ“ƒğ’¾ğ“‡ğ“Šğ’¹ğ’¹ğ’½ğ’¶,<Media omitted>
2025-09-20,6:39â€¯pm,ğ’œğ“ƒğ’¾ğ“‡ğ“Šğ’¹ğ’¹ğ’½ğ’¶,<Media omitted>
2025-09-21,1:08â€¯am,ğ’œğ“ƒğ’¾ğ“‡ğ“Šğ’¹ğ’¹ğ’½ğ’¶,https://share.google/images/qnb7yG1WHzWwKH9sL
2025-09-27,12:03â€¯am,ğ’œğ“ƒğ’¾ğ“‡ğ“Šğ’¹ğ’¹ğ’½ğ’¶,<Media omitted>
2025-09-27,12:03â€¯am,ğ’œğ“ƒğ’¾ğ“‡ğ“Šğ’¹ğ’¹ğ’½ğ’¶,<Media omitted>
2025-09-27,12:03â€¯am,ğ’œğ“ƒğ’¾ğ“‡ğ“Šğ’¹ğ’¹ğ’½ğ’¶,<Media omitted>
2025-09-27,12:03â€¯am,ğ’œğ“ƒğ’¾ğ“‡ğ“Šğ’¹ğ’¹ğ’½ğ’¶,<Media omitted>
2025-09-27,12:03â€¯am,ğ’œğ“ƒğ’¾ğ“‡ğ“Šğ’¹ğ’¹ğ’½ğ’¶,<Media omitted>
2025-09-27,12:03â€¯am,ğ’œğ“ƒğ’¾ğ“‡ğ“Šğ’¹ğ’¹ğ’½ğ’¶,<Media omitted>
2025-09-27,12:03â€¯am,ğ’œğ“ƒğ’¾ğ“‡ğ“Šğ’¹ğ’¹ğ’½ğ’¶,<Media omitted>
2025-09-27,12:03â€¯am,ğ’œğ“ƒğ’¾ğ“‡ğ“Šğ’¹ğ’¹ğ’½ğ’¶,<Media omitted>
2025-09-27,12:03â€¯am,ğ’œğ“ƒğ’¾ğ“‡ğ“Šğ’¹ğ’¹ğ’½ğ’¶,<Media omitted>
2025-09-27,12:03â€¯am,ğ’œğ“ƒğ’¾ğ“‡ğ“Šğ’¹ğ’¹ğ’½ğ’¶,<Media omitted>
2025-09-27,12:03â€¯am,ğ’œğ“ƒğ’¾ğ“‡ğ“Šğ’¹ğ’¹ğ’½ğ’¶,<Media omitted>
2025-09-27,12:03â€¯am,ğ’œğ“ƒğ’¾ğ“‡ğ“Šğ’¹ğ’¹ğ’½ğ’¶,<Media omitted>
2025-09-27,12:03â€¯am,ğ’œğ“ƒğ’¾ğ“‡ğ“Šğ’¹ğ’¹ğ’½ğ’¶,<Media omitted>
2025-09-27,12:03â€¯am,ğ’œğ“ƒğ’¾ğ“‡ğ“Šğ’¹ğ’¹ğ’½ğ’¶,<Media omitted>
2025-09-27,12:03â€¯am,ğ’œğ“ƒğ’¾ğ“‡ğ“Šğ’¹ğ’¹ğ’½ğ’¶,<Media omitted>
2025-09-27,12:03â€¯am,ğ’œğ“ƒğ’¾ğ“‡ğ“Šğ’¹ğ’¹ğ’½ğ’¶,<Media omitted>
2025-09-27,12:03â€¯am,ğ’œğ“ƒğ’¾ğ“‡ğ“Šğ’¹ğ’¹ğ’½ğ’¶,<Media omitted>
2025-09-27,12:03â€¯am,ğ’œğ“ƒğ’¾ğ“‡ğ“Šğ’¹ğ’¹ğ’½ğ’¶,<Media omitted>
2025-09-27,12:03â€¯am,ğ’œğ“ƒğ’¾ğ“‡ğ“Šğ’¹ğ’¹ğ’½ğ’¶,<Media omitted>
2025-09-27,12:03â€¯am,ğ’œğ“ƒğ’¾ğ“‡ğ“Šğ’¹ğ’¹ğ’½ğ’¶,<Media omitted>
2025-09-27,12:03â€¯am,ğ’œğ“ƒğ’¾ğ“‡ğ“Šğ’¹ğ’¹ğ’½ğ’¶,<Media omitted>
2025-09-27,12:03â€¯am,ğ’œğ“ƒğ’¾ğ“‡ğ“Šğ’¹ğ’¹ğ’½ğ’¶,<Media omitted>
2025-09-27,12:03â€¯am,ğ’œğ“ƒğ’¾ğ“‡ğ“Šğ’¹ğ’¹ğ’½ğ’¶,<Media omitted>
2025-09-27,12:03â€¯am,ğ’œğ“ƒğ’¾ğ“‡ğ“Šğ’¹ğ’¹ğ’½ğ’¶,<Media omitted>
2025-09-27,12:03â€¯am,ğ’œğ“ƒğ’¾ğ“‡ğ“Šğ’¹ğ’¹ğ’½ğ’¶,<Media omitted>
2025-09-27,12:03â€¯am,ğ’œğ“ƒğ’¾ğ“‡ğ“Šğ’¹ğ’¹ğ’½ğ’¶,<Media omitted>
2025-09-27,12:03â€¯am,ğ’œğ“ƒğ’¾ğ“‡ğ“Šğ’¹ğ’¹ğ’½ğ’¶,<Media omitted>
2025-09-27,12:03â€¯am,ğ’œğ“ƒğ’¾ğ“‡ğ“Šğ’¹ğ’¹ğ’½ğ’¶,<Media omitted>
2025-09-27,12:04â€¯am,ğ’œğ“ƒğ’¾ğ“‡ğ“Šğ’¹ğ’¹ğ’½ğ’¶,<Media omitted>
2025-09-27,12:04â€¯am,ğ’œğ“ƒğ’¾ğ“‡ğ“Šğ’¹ğ’¹ğ’½ğ’¶,<Media omitted>
2025-09-27,12:04â€¯am,ğ’œğ“ƒğ’¾ğ“‡ğ“Šğ’¹ğ’¹ğ’½ğ’¶,<Media omitted>
2025-09-27,12:04â€¯am,ğ’œğ“ƒğ’¾ğ“‡ğ“Šğ’¹ğ’¹ğ’½ğ’¶,<Media omitted>
2025-09-27,12:04â€¯am,ğ’œğ“ƒğ’¾ğ“‡ğ“Šğ’¹ğ’¹ğ’½ğ’¶,<Media omitted>
2025-09-27,12:04â€¯am,ğ’œğ“ƒğ’¾ğ“‡ğ“Šğ’¹ğ’¹ğ’½ğ’¶,<Media omitted>
2025-09-27,12:04â€¯am,ğ’œğ“ƒğ’¾ğ“‡ğ“Šğ’¹ğ’¹ğ’½ğ’¶,<Media omitted>
2025-09-27,12:04â€¯am,ğ’œğ“ƒğ’¾ğ“‡ğ“Šğ’¹ğ’¹ğ’½ğ’¶,<Media omitted>
2025-09-27,12:04â€¯am,ğ’œğ“ƒğ’¾ğ“‡ğ“Šğ’¹ğ’¹ğ’½ğ’¶,<Media omitted>
2025-09-27,12:04â€¯am,ğ’œğ“ƒğ’¾ğ“‡ğ“Šğ’¹ğ’¹ğ’½ğ’¶,<Media omitted>
2025-09-27,12:05â€¯am,ğ’œğ“ƒğ’¾ğ“‡ğ“Šğ’¹ğ’¹ğ’½ğ’¶,<Media omitted>
2025-09-27,12:05â€¯am,ğ’œğ“ƒğ’¾ğ“‡ğ“Šğ’¹ğ’¹ğ’½ğ’¶,<Media omitted>
2025-09-27,12:05â€¯am,ğ’œğ“ƒğ’¾ğ“‡ğ“Šğ’¹ğ’¹ğ’½ğ’¶,<Media omitted>
2025-09-27,12:05â€¯am,ğ’œğ“ƒğ’¾ğ“‡ğ“Šğ’¹ğ’¹ğ’½ğ’¶,<Media omitted>
2025-09-27,12:05â€¯am,ğ’œğ“ƒğ’¾ğ“‡ğ“Šğ’¹ğ’¹ğ’½ğ’¶,<Media omitted>
2025-09-27,12:05â€¯am,ğ’œğ“ƒğ’¾ğ“‡ğ“Šğ’¹ğ’¹ğ’½ğ’¶,<Media omitted>
2025-09-27,12:05â€¯am,ğ’œğ“ƒğ’¾ğ“‡ğ“Šğ’¹ğ’¹ğ’½ğ’¶,<Media omitted>
2025-09-27,12:05â€¯am,ğ’œğ“ƒğ’¾ğ“‡ğ“Šğ’¹ğ’¹ğ’½ğ’¶,<Media omitted>
2025-09-27,12:06â€¯am,ğ’œğ“ƒğ’¾ğ“‡ğ“Šğ’¹ğ’¹ğ’½ğ’¶,<Media omitted>
2025-09-27,12:06â€¯am,ğ’œğ“ƒğ’¾ğ“‡ğ“Šğ’¹ğ’¹ğ’½ğ’¶,<Media omitted>
2025-09-27,12:06â€¯am,ğ’œğ“ƒğ’¾ğ“‡ğ“Šğ’¹ğ’¹ğ’½ğ’¶,<Media omitted>
2025-09-27,12:06â€¯am,ğ’œğ“ƒğ’¾ğ“‡ğ“Šğ’¹ğ’¹ğ’½ğ’¶,<Media omitted>
2025-09-27,12:06â€¯am,ğ’œğ“ƒğ’¾ğ“‡ğ“Šğ’¹ğ’¹ğ’½ğ’¶,<Media omitted>
2025-09-27,12:06â€¯am,ğ’œğ“ƒğ’¾ğ“‡ğ“Šğ’¹ğ’¹ğ’½ğ’¶,<Media omitted>
2025-09-27,12:06â€¯am,ğ’œğ“ƒğ’¾ğ“‡ğ“Šğ’¹ğ’¹ğ’½ğ’¶,<Media omitted>
2025-09-27,12:06â€¯am,ğ’œğ“ƒğ’¾ğ“‡ğ“Šğ’¹ğ’¹ğ’½ğ’¶,<Media omitted>
2025-09-27,12:06â€¯am,ğ’œğ“ƒğ’¾ğ“‡ğ“Šğ’¹ğ’¹ğ’½ğ’¶,<Media omitted>
2025-09-27,12:06â€¯am,ğ’œğ“ƒğ’¾ğ“‡ğ“Šğ’¹ğ’¹ğ’½ğ’¶,<Media omitted>
2025-09-27,12:06â€¯am,ğ’œğ“ƒğ’¾ğ“‡ğ“Šğ’¹ğ’¹ğ’½ğ’¶,<Media omitted>
2025-09-27,12:06â€¯am,ğ’œğ“ƒğ’¾ğ“‡ğ“Šğ’¹ğ’¹ğ’½ğ’¶,<Media omitted>
2025-09-27,12:06â€¯am,ğ’œğ“ƒğ’¾ğ“‡ğ“Šğ’¹ğ’¹ğ’½ğ’¶,<Media omitted>
2025-09-27,12:06â€¯am,ğ’œğ“ƒğ’¾ğ“‡ğ“Šğ’¹ğ’¹ğ’½ğ’¶,<Media omitted>
2025-09-27,12:06â€¯am,ğ’œğ“ƒğ’¾ğ“‡ğ“Šğ’¹ğ’¹ğ’½ğ’¶,<Media omitted>
2025-09-27,12:06â€¯am,ğ’œğ“ƒğ’¾ğ“‡ğ“Šğ’¹ğ’¹ğ’½ğ’¶,<Media omitted>
2025-09-27,12:06â€¯am,ğ’œğ“ƒğ’¾ğ“‡ğ“Šğ’¹ğ’¹ğ’½ğ’¶,<Media omitted>
2025-09-27,12:06â€¯am,ğ’œğ“ƒğ’¾ğ“‡ğ“Šğ’¹ğ’¹ğ’½ğ’¶,<Media omitted>
2025-09-27,12:06â€¯am,ğ’œğ“ƒğ’¾ğ“‡ğ“Šğ’¹ğ’¹ğ’½ğ’¶,<Media omitted>
2025-09-27,12:06â€¯am,ğ’œğ“ƒğ’¾ğ“‡ğ“Šğ’¹ğ’¹ğ’½ğ’¶,<Media omitted>
2025-09-27,12:15â€¯am,ğ’œğ“ƒğ’¾ğ“‡ğ“Šğ’¹ğ’¹ğ’½ğ’¶,<Media omitted>
2025-09-28,12:28â€¯pm,ğ’œğ“ƒğ’¾ğ“‡ğ“Šğ’¹ğ’¹ğ’½ğ’¶,<Media omitted>
2025-10-16,10:54â€¯pm,ğ’œğ“ƒğ’¾ğ“‡ğ“Šğ’¹ğ’¹ğ’½ğ’¶,<Media omitted>
2025-10-31,9:33â€¯am,ğ’œğ“ƒğ’¾ğ“‡ğ“Šğ’¹ğ’¹ğ’½ğ’¶,https://www.instagram.com/p/DQdMU5visdf/?igsh=aXMzbmZtczMweWJl
2025-11-12,9:16â€¯am,ğ’œğ“ƒğ’¾ğ“‡ğ“Šğ’¹ğ’¹ğ’½ğ’¶,ğŸ”¶ EXPERIMENT 1: Measurement of Power in Single Phase Circuit by Three Voltmeter (or Ammeter) Method
2025-11-14,7:51â€¯pm,ğ’œğ“ƒğ’¾ğ“‡ğ“Šğ’¹ğ’¹ğ’½ğ’¶,https://youtu.be/gc7Yct-8HdM?si=eOirAoso9cFRD8x1
2025-11-14,7:51â€¯pm,ğ’œğ“ƒğ’¾ğ“‡ğ“Šğ’¹ğ’¹ğ’½ğ’¶,Multistage amplifier
2025-11-23,7:04â€¯pm,ğ’œğ“ƒğ’¾ğ“‡ğ“Šğ’¹ğ’¹ğ’½ğ’¶,<Media omitted>
2025-11-23,7:10â€¯pm,ğ’œğ“ƒğ’¾ğ“‡ğ“Šğ’¹ğ’¹ğ’½ğ’¶,<Media omitted>
2025-12-05,12:51â€¯pm,ğ’œğ“ƒğ’¾ğ“‡ğ“Šğ’¹ğ’¹ğ’½ğ’¶,<Media omitted>
2025-12-05,12:51â€¯pm,ğ’œğ“ƒğ’¾ğ“‡ğ“Šğ’¹ğ’¹ğ’½ğ’¶,<Media omitted>
2025-12-05,4:01â€¯pm,ğ’œğ“ƒğ’¾ğ“‡ğ“Šğ’¹ğ’¹ğ’½ğ’¶,<Media omitted>
2025-12-05,4:04â€¯pm,ğ’œğ“ƒğ’¾ğ“‡ğ“Šğ’¹ğ’¹ğ’½ğ’¶,<Media omitted>
2025-12-05,5:49â€¯pm,ğ’œğ“ƒğ’¾ğ“‡ğ“Šğ’¹ğ’¹ğ’½ğ’¶,<Media omitted>
2025-12-05,6:02â€¯pm,ğ’œğ“ƒğ’¾ğ“‡ğ“Šğ’¹ğ’¹ğ’½ğ’¶,<Media omitted>
2025-12-13,1:55â€¯pm,ğ’œğ“ƒğ’¾ğ“‡ğ“Šğ’¹ğ’¹ğ’½ğ’¶,<Media omitted>
2025-12-13,2:02â€¯pm,ğ’œğ“ƒğ’¾ğ“‡ğ“Šğ’¹ğ’¹ğ’½ğ’¶,https://nitdgp.in/student_login.aspx
2025-12-21,1:27â€¯am,ğ’œğ“ƒğ’¾ğ“‡ğ“Šğ’¹ğ’¹ğ’½ğ’¶,<Media omitted>
